{"R": 141.83361206054687, "G": 141.9794952392578, "B": 142.7771095275879}