{"val_loss": [1.8874424695968628, 4.535684108734131, 5.180239200592041, 5.359066486358643, 5.364274978637695, 5.369997024536133, 5.375979900360107, 5.382033348083496, 5.3880181312561035, 5.393836975097656, 5.399413585662842, 5.404704570770264, 5.409680366516113, 5.414328098297119, 5.418644428253174, 5.422627925872803, 5.42628812789917, 5.429642677307129, 5.4327006340026855, 5.435483932495117, 5.438005447387695, 5.440281867980957, 5.442336082458496, 5.44418478012085, 5.445840835571289, 5.447322845458984, 5.448647499084473, 5.449821949005127, 5.450865268707275, 5.451788902282715, 5.452600002288818, 5.453317642211914, 5.45394229888916, 5.454487323760986, 5.454960346221924, 5.455366134643555, 5.455716133117676, 5.4560112953186035, 5.456259727478027, 5.456467628479004, 5.456637859344482, 5.456772327423096, 5.456881046295166, 5.456960201263428, 5.457017421722412, 5.457054615020752, 5.45707368850708, 5.457076072692871, 5.45706844329834, 5.4570441246032715, 5.4570136070251465, 5.456972122192383, 5.456925392150879, 5.456871509552002, 5.456811904907227, 5.456748962402344, 5.456683158874512, 5.456613540649414, 5.456546783447266, 5.456475257873535, 5.456403732299805, 5.456333160400391, 5.456263065338135, 5.45619535446167, 5.45612907409668, 5.456059455871582, 5.455997467041016, 5.455937385559082, 5.455877780914307, 5.455821990966797, 5.455769062042236, 5.4557204246521, 5.455676078796387, 5.455634117126465, 5.455595970153809], "val_acc": [0.30000001192092896, 0.699999988079071, 0.699999988079071, 0.699999988079071, 0.699999988079071, 0.699999988079071, 0.699999988079071, 0.699999988079071, 0.699999988079071, 0.699999988079071, 0.699999988079071, 0.699999988079071, 0.699999988079071, 0.699999988079071, 0.699999988079071, 0.699999988079071, 0.699999988079071, 0.699999988079071, 0.699999988079071, 0.699999988079071, 0.699999988079071, 0.699999988079071, 0.699999988079071, 0.699999988079071, 0.699999988079071, 0.699999988079071, 0.699999988079071, 0.699999988079071, 0.699999988079071, 0.699999988079071, 0.699999988079071, 0.699999988079071, 0.699999988079071, 0.699999988079071, 0.699999988079071, 0.699999988079071, 0.699999988079071, 0.699999988079071, 0.699999988079071, 0.699999988079071, 0.699999988079071, 0.699999988079071, 0.699999988079071, 0.699999988079071, 0.699999988079071, 0.699999988079071, 0.699999988079071, 0.699999988079071, 0.699999988079071, 0.699999988079071, 0.699999988079071, 0.699999988079071, 0.699999988079071, 0.699999988079071, 0.699999988079071, 0.699999988079071, 0.699999988079071, 0.699999988079071, 0.699999988079071, 0.699999988079071, 0.699999988079071, 0.699999988079071, 0.699999988079071, 0.699999988079071, 0.699999988079071, 0.699999988079071, 0.699999988079071, 0.699999988079071, 0.699999988079071, 0.699999988079071, 0.699999988079071, 0.699999988079071, 0.699999988079071, 0.699999988079071, 0.699999988079071], "loss": [1.153053641319275, 2.1911818981170654, 5.351633071899414, 5.354707717895508, 5.359066486358643, 5.364274978637695, 5.369997024536133, 5.375979900360107, 5.382033348083496, 5.3880181312561035, 5.393836975097656, 5.399413585662842, 5.404704570770264, 5.409680366516113, 5.414328098297119, 5.418644428253174, 5.422627925872803, 5.42628812789917, 5.429642677307129, 5.4327006340026855, 5.435483932495117, 5.438005447387695, 5.440281867980957, 5.442336082458496, 5.44418478012085, 5.445840835571289, 5.447322845458984, 5.448647499084473, 5.449821949005127, 5.450865268707275, 5.451788902282715, 5.452600002288818, 5.453317642211914, 5.45394229888916, 5.454487323760986, 5.454960346221924, 5.455366134643555, 5.455716133117676, 5.4560112953186035, 5.456259727478027, 5.456467628479004, 5.456637859344482, 5.456772327423096, 5.456881046295166, 5.456960201263428, 5.457017421722412, 5.457054615020752, 5.45707368850708, 5.457076072692871, 5.45706844329834, 5.4570441246032715, 5.4570136070251465, 5.456972122192383, 5.456925392150879, 5.456871509552002, 5.456811904907227, 5.456748962402344, 5.456683158874512, 5.456613540649414, 5.456546783447266, 5.456475257873535, 5.456403732299805, 5.456333160400391, 5.456263065338135, 5.45619535446167, 5.45612907409668, 5.456059455871582, 5.455997467041016, 5.455937385559082, 5.455877780914307, 5.455821990966797, 5.455769062042236, 5.4557204246521, 5.455676078796387, 5.455634117126465], "acc": [0.699999988079071, 0.30000001192092896, 0.699999988079071, 0.699999988079071, 0.699999988079071, 0.699999988079071, 0.699999988079071, 0.699999988079071, 0.699999988079071, 0.699999988079071, 0.699999988079071, 0.699999988079071, 0.699999988079071, 0.699999988079071, 0.699999988079071, 0.699999988079071, 0.699999988079071, 0.699999988079071, 0.699999988079071, 0.699999988079071, 0.699999988079071, 0.699999988079071, 0.699999988079071, 0.699999988079071, 0.699999988079071, 0.699999988079071, 0.699999988079071, 0.699999988079071, 0.699999988079071, 0.699999988079071, 0.699999988079071, 0.699999988079071, 0.699999988079071, 0.699999988079071, 0.699999988079071, 0.699999988079071, 0.699999988079071, 0.699999988079071, 0.699999988079071, 0.699999988079071, 0.699999988079071, 0.699999988079071, 0.699999988079071, 0.699999988079071, 0.699999988079071, 0.699999988079071, 0.699999988079071, 0.699999988079071, 0.699999988079071, 0.699999988079071, 0.699999988079071, 0.699999988079071, 0.699999988079071, 0.699999988079071, 0.699999988079071, 0.699999988079071, 0.699999988079071, 0.699999988079071, 0.699999988079071, 0.699999988079071, 0.699999988079071, 0.699999988079071, 0.699999988079071, 0.699999988079071, 0.699999988079071, 0.699999988079071, 0.699999988079071, 0.699999988079071, 0.699999988079071, 0.699999988079071, 0.699999988079071, 0.699999988079071, 0.699999988079071, 0.699999988079071, 0.699999988079071]}