{"val_loss": [1.1761682033538818, 2.6995625495910645, 4.891942501068115, 5.8067474365234375, 5.895872592926025, 5.899574279785156, 5.9038777351379395, 5.456107139587402, 5.9129438400268555, 5.917635440826416, 11.913899421691895, 11.924988746643066, 11.935513496398926, 11.945423126220703, 11.954695701599121, 11.963327407836914, 11.971325874328613, 11.978713989257812, 11.985509872436523, 11.99174690246582], "val_acc": [0.699999988079071, 0.36666667461395264, 0.699999988079071, 0.6666666865348816, 0.6666666865348816, 0.6666666865348816, 0.6666666865348816, 0.6666666865348816, 0.6666666865348816, 0.6666666865348816, 0.30000001192092896, 0.30000001192092896, 0.30000001192092896, 0.30000001192092896, 0.30000001192092896, 0.30000001192092896, 0.30000001192092896, 0.30000001192092896, 0.30000001192092896, 0.30000001192092896], "loss": [1.1704033613204956, 2.39677095413208, 3.462998151779175, 4.666750907897949, 4.686474323272705, 3.329267740249634, 2.133817195892334, 1.7635051012039185, 1.9545884132385254, 2.0955233573913574, 0.9778556227684021, 1.0472112894058228, 1.6328356266021729, 2.2429120540618896, 2.0948069095611572, 1.9779269695281982, 2.570608139038086, 2.856409788131714, 2.3726043701171875, 3.160583019256592], "acc": [0.6499999761581421, 0.699999988079071, 0.4000000059604645, 0.699999988079071, 0.699999988079071, 0.699999988079071, 0.699999988079071, 0.699999988079071, 0.550000011920929, 0.44999998807907104, 0.8999999761581421, 0.75, 0.800000011920929, 0.75, 0.75, 0.800000011920929, 0.800000011920929, 0.6000000238418579, 0.75, 0.550000011920929]}