{"R": 139.54443359375, "G": 139.7434326171875, "B": 140.24285888671875}