{"val_loss": [1.6868482828140259], "val_acc": [0.699999988079071], "loss": [1.935666561126709], "acc": [0.7100000143051147]}