{"R": 141.7173828125, "G": 141.86258544921876, "B": 142.660205078125}